{"cameraMode":{"drawMode":0,"name":"Shaded","section":"Shading Mode"},"sceneLighting":false,"audioPlay":false,"sceneViewState":{"showFog":true,"showMaterialUpdate":false,"showSkybox":false,"showFlares":true,"showImageEffects":true,"showParticleSystems":true},"in2DMode":false,"pivot":{"x":-0.3400000333786011,"y":2.619999885559082,"z":-5.569179534912109},"rotation":{"x":-0.1675719916820526,"y":0.17147919535636903,"z":-0.02961263433098793,"w":-0.9703838229179382},"size":8.629494667053223,"orthographic":false}