{"cameraMode":{"drawMode":0,"name":"Shaded","section":"Shading Mode"},"sceneLighting":true,"audioPlay":false,"sceneViewState":{"showFog":true,"showMaterialUpdate":false,"showSkybox":true,"showFlares":true,"showImageEffects":true,"showParticleSystems":true},"in2DMode":false,"pivot":{"x":17.774497985839845,"y":-2.817305564880371,"z":-6.794229507446289},"rotation":{"x":0.09472053498029709,"y":0.32804983854293826,"z":-0.033080462366342548,"w":0.9393176436424255},"size":14.568801879882813,"orthographic":false}